,Algoritmo,tempoExecucao,Tamanho Vetor
0,Sort python,9.200000022246968e-06,1000
1,Sort python,1.1999999514955562e-05,3000
2,Sort python,1.9099999917671084e-05,6000
3,Sort python,2.840000070136739e-05,10000
4,Sort python,4.940000053466065e-05,15000
5,Sort python,8.040000011533266e-05,21000
6,Sort python,0.00014099999953032238,28000
7,Sort python,0.0004214999999021529,36000
8,Sort python,0.0004330000001573353,45000
9,Sort python,0.0002832000000125845,55000
