,Algoritmo,tempoExecucao,Tamanho Vetor
0,Merge Sort,0.005089899990707636,1000
1,Merge Sort,0.008585000003222376,3000
2,Merge Sort,0.018275000009452924,6000
3,Merge Sort,0.03090199999860488,10000
4,Merge Sort,0.05235099999117665,15000
5,Merge Sort,0.06633110000984743,21000
6,Merge Sort,0.0776991999882739,28000
7,Merge Sort,0.12891540001146495,36000
8,Merge Sort,0.13389189998270012,45000
9,Merge Sort,0.18685619998723269,55000
