,Algoritmo,tempoExecucao,Tamanho Vetor
0,Merge Sort,0.1606509999996888,1000
1,Merge Sort,0.6796104000000014,5000
2,Merge Sort,1.303753400000005,10000
3,Merge Sort,1.9494344999998248,15000
4,Merge Sort,2.70563489999995,20000
5,Merge Sort,3.088344799999504,25000
