,Algoritmo,tempoExecucao,Tamanho Vetor
0,Heap Sort,0.0027051999932155013,1000
1,Heap Sort,0.007676299981540069,3000
2,Heap Sort,0.017350099980831146,6000
3,Heap Sort,0.03232809997280128,10000
4,Heap Sort,0.052114599995547906,15000
5,Heap Sort,0.07553390000248328,21000
6,Heap Sort,0.1036067999957595,28000
7,Heap Sort,0.13986240001395345,36000
8,Heap Sort,0.16412790000322275,45000
9,Heap Sort,0.22034500000881962,55000
