,Algoritmo,tempoExecucao,Tamanho Vetor
0,Heap Sort,0.002758599992375821,1000
1,Heap Sort,0.008761600009165704,3000
2,Heap Sort,0.020430999982636422,6000
3,Heap Sort,0.030546699999831617,10000
4,Heap Sort,0.04428330002701841,15000
5,Heap Sort,0.06731929999659769,21000
6,Heap Sort,0.09372020000591874,28000
7,Heap Sort,0.11780499998712912,36000
8,Heap Sort,0.16724889999022707,45000
9,Heap Sort,0.20261110001592897,55000
