,Algoritmo,tempoExecucao,Tamanho Vetor
0,Heap Sort,0.10249800002202392,10001
1,Heap Sort,0.05149820004589856,5000
2,Heap Sort,0.10358369979076087,10000
3,Heap Sort,0.14577090018428862,15000
4,Heap Sort,0.20390970003791153,20000
5,Heap Sort,0.259856800083071,25000
